first_name,last_name,company_name,address,city,,,,,,,web
James,Butt,"Benton, John B Jr",6649 N Blue Gum St,New Orleans,,,,,,,http://www.bentonjohnbjr.com
Josephine,Darakjy,"Chanay, Jeffrey A Esq",4 B Blue Ridge Blvd,Brighton,,,,,,,http://www.chanayjeffreyaesq.com
Art,Venere,"Chemel, James L Cpa",8 W Cerritos Ave #54,Bridgeport,,,,,,,http://www.chemeljameslcpa.com
Lenna,Paprocki,Feltz Printing Service,639 Main St,Anchorage,,,,,,,http://www.feltzprintingservice.com
Donette,Foller,Printing Dimensions,34 Center St,Hamilton,,,,,,,http://www.printingdimensions.com
Simona,Morasca,"Chapman, Ross E Esq",3 Mcauley Dr,Ashland,,,,,,,http://www.chapmanrosseesq.com
Mitsue,Tollner,Morlong Associates,7 Eads St,Chicago,,,,,,,http://www.morlongassociates.com
Leota,Dilliard,Commercial Press,7 W Jackson Blvd,San Jose,,,,,,,http://www.commercialpress.com
Sage,Wieser,Truhlar And Truhlar Attys,5 Boston Ave #88,Sioux Falls,,,,,,,http://www.truhlarandtruhlarattys.com
Kris,Marrier,"King, Christopher A Esq",228 Runamuck Pl #2808,Baltimore,,,,,,,http://www.kingchristopheraesq.com
Minna,Amigon,"Dorl, James J Esq",2371 Jerrold Ave,Kulpsville,,,,,,,http://www.dorljamesjesq.com
Abel,Maclead,Rangoni Of Florence,37275 St  Rt 17m M,Middle Island,,,,,,,http://www.rangoniofflorence.com
Kiley,Caldarera,Feiner Bros,25 E 75th St #69,Los Angeles,,,,,,,http://www.feinerbros.com
Graciela,Ruta,Buckley Miller & Wright,98 Connecticut Ave Nw,Chagrin Falls,,,,,,,http://www.buckleymillerwright.com
Cammy,Albares,"Rousseaux, Michael Esq",56 E Morehead St,Laredo,,,,,,,http://www.rousseauxmichaelesq.com
Mattie,Poquette,Century Communications,73 State Road 434 E,Phoenix,,,,,,,http://www.centurycommunications.com
Meaghan,Garufi,"Bolton, Wilbur Esq",69734 E Carrillo St,Mc Minnville,,,,,,,http://www.boltonwilburesq.com
Gladys,Rim,T M Byxbee Company Pc,322 New Horizon Blvd,Milwaukee,,,,,,,http://www.tmbyxbeecompanypc.com
Yuki,Whobrey,Farmers Insurance Group,1 State Route 27,Taylor,,,,,,,http://www.farmersinsurancegroup.com
Fletcher,Flosi,Post Box Services Plus,394 Manchester Blvd,Rockford,,,,,,,http://www.postboxservicesplus.com
Bette,Nicka,Sport En Art,6 S 33rd St,Aston,,,,,,,http://www.sportenart.com
Veronika,Inouye,C 4 Network Inc,6 Greenleaf Ave,San Jose,,,,,,,http://www.cnetworkinc.com
Willard,Kolmetz,"Ingalls, Donald R Esq",618 W Yakima Ave,Irving,,,,,,,http://www.ingallsdonaldresq.com
Maryann,Royster,"Franklin, Peter L Esq",74 S Westgate St,Albany,,,,,,,http://www.franklinpeterlesq.com
Alisha,Slusarski,Wtlz Power 107 Fm,3273 State St,Middlesex,,,,,,,http://www.wtlzpowerfm.com
Allene,Iturbide,"Ledecky, David Esq",1 Central Ave,Stevens Point,,,,,,,http://www.ledeckydavidesq.com
Chanel,Caudy,Professional Image Inc,86 Nw 66th St #8673,Shawnee,,,,,,,http://www.professionalimageinc.com
Ezekiel,Chui,"Sider, Donald C Esq",2 Cedar Ave #84,Easton,,,,,,,http://www.siderdonaldcesq.com
Willow,Kusko,U Pull It,90991 Thorburn Ave,New York,,,,,,,http://www.upullit.com
Bernardo,Figeroa,"Clark, Richard Cpa",386 9th Ave N,Conroe,,,,,,,http://www.clarkrichardcpa.com
Ammie,Corrio,"Moskowitz, Barry S",74874 Atlantic Ave,Columbus,,,,,,,http://www.moskowitzbarrys.com
Francine,Vocelka,Cascade Realty Advisors Inc,366 South Dr,Las Cruces,,,,,,,http://www.cascaderealtyadvisorsinc.com
Ernie,Stenseth,Knwz Newsradio,45 E Liberty St,Ridgefield Park,,,,,,,http://www.knwznewsradio.com
Albina,Glick,"Giampetro, Anthony D",4 Ralph Ct,Dunellen,,,,,,,http://www.giampetroanthonyd.com
Alishia,Sergi,Milford Enterprises Inc,2742 Distribution Way,New York,,,,,,,http://www.milfordenterprisesinc.com
Solange,Shinko,"Mosocco, Ronald A",426 Wolf St,Metairie,,,,,,,http://www.mosoccoronalda.com
Jose,Stockham,Tri State Refueler Co,128 Bransten Rd,New York,,,,,,,http://www.tristaterefuelerco.com
Rozella,Ostrosky,Parkway Company,17 Morena Blvd,Camarillo,,,,,,,http://www.parkwaycompany.com
Valentine,Gillian,Fbs Business Finance,775 W 17th St,San Antonio,,,,,,,http://www.fbsbusinessfinance.com
Kati,Rulapaugh,Eder Assocs Consltng Engrs Pc,6980 Dorsett Rd,Abilene,,,,,,,http://www.ederassocsconsltngengrspc.com
Youlanda,Schemmer,Tri M Tool Inc,2881 Lewis Rd,Prineville,,,,,,,http://www.trimtoolinc.com
Dyan,Oldroyd,International Eyelets Inc,7219 Woodfield Rd,Overland Park,,,,,,,http://www.internationaleyeletsinc.com
Roxane,Campain,Rapid Trading Intl,1048 Main St,Fairbanks,,,,,,,http://www.rapidtradingintl.com
Lavera,Perin,Abc Enterprises Inc,678 3rd Ave,Miami,,,,,,,http://www.abcenterprisesinc.com
Erick,Ferencz,Cindy Turner Associates,20 S Babcock St,Fairbanks,,,,,,,http://www.cindyturnerassociates.com
Fatima,Saylors,"Stanton, James D Esq",2 Lighthouse Ave,Hopkins,,,,,,,http://www.stantonjamesdesq.com
Jina,Briddick,Grace Pastries Inc,38938 Park Blvd,Boston,,,,,,,http://www.gracepastriesinc.com
Kanisha,Waycott,"Schroer, Gene E Esq",5 Tomahawk Dr,Los Angeles,,,,,,,http://www.schroergeneeesq.com
Emerson,Bowley,Knights Inn,762 S Main St,Madison,,,,,,,http://www.knightsinn.com
Blair,Malet,Bollinger Mach Shp & Shipyard,209 Decker Dr,Philadelphia,,,,,,,http://www.bollingermachshpshipyard.com
Brock,Bolognia,Orinda News,4486 W O St #1,New York,,,,,,,http://www.orindanews.com
Lorrie,Nestle,Ballard Spahr Andrews,39 S 7th St,Tullahoma,,,,,,,http://www.ballardspahrandrews.com
Sabra,Uyetake,Lowy Limousine Service,98839 Hawthorne Blvd #6101,Columbia,,,,,,,http://www.lowylimousineservice.com
Marjory,Mastella,Vicon Corporation,71 San Mateo Ave,Wayne,,,,,,,http://www.viconcorporation.com
Karl,Klonowski,"Rossi, Michael M",76 Brooks St #9,Flemington,,,,,,,http://www.rossimichaelm.com
Tonette,Wenner,Northwest Publishing,4545 Courthouse Rd,Westbury,,,,,,,http://www.northwestpublishing.com
Amber,Monarrez,Branford Wire & Mfg Co,14288 Foster Ave #4121,Jenkintown,,,,,,,http://www.branfordwiremfgco.com
Shenika,Seewald,East Coast Marketing,4 Otis St,Van Nuys,,,,,,,http://www.eastcoastmarketing.com
Delmy,Ahle,Wye Technologies Inc,65895 S 16th St,Providence,,,,,,,http://www.wyetechnologiesinc.com
Deeanna,Juhas,"Healy, George W Iv",14302 Pennsylvania Ave,Huntingdon Valley,,,,,,,http://www.healygeorgewiv.com
Blondell,Pugh,Alpenlite Inc,201 Hawk Ct,Providence,,,,,,,http://www.alpenliteinc.com
Jamal,Vanausdal,"Hubbard, Bruce Esq",53075 Sw 152nd Ter #615,Monroe Township,,,,,,,http://www.hubbardbruceesq.com
Cecily,Hollack,Arthur A Oliver & Son Inc,59 N Groesbeck Hwy,Austin,,,,,,,http://www.arthuraoliversoninc.com
Carmelina,Lindall,George Jessop Carter Jewelers,2664 Lewis Rd,Littleton,,,,,,,http://www.georgejessopcarterjewelers.com
Maurine,Yglesias,"Schultz, Thomas C Md",59 Shady Ln #53,Milwaukee,,,,,,,http://www.schultzthomascmd.com
Tawna,Buvens,H H H Enterprises Inc,3305 Nabell Ave #679,New York,,,,,,,http://www.hhhenterprisesinc.com
Penney,Weight,Hawaiian King Hotel,18 Fountain St,Anchorage,,,,,,,http://www.hawaiiankinghotel.com
Elly,Morocco,Killion Industries,7 W 32nd St,Erie,,,,,,,http://www.killionindustries.com
Ilene,Eroman,"Robinson, William J Esq",2853 S Central Expy,Glen Burnie,,,,,,,http://www.robinsonwilliamjesq.com
Vallie,Mondella,Private Properties,74 W College St,Boise,,,,,,,http://www.privateproperties.com
Kallie,Blackwood,Rowley Schlimgen Inc,701 S Harrison Rd,San Francisco,,,,,,,http://www.rowleyschlimgeninc.com
Johnetta,Abdallah,Forging Specialties,1088 Pinehurst St,Chapel Hill,,,,,,,http://www.forgingspecialties.com
Bobbye,Rhym,"Smits, Patricia Garity",30 W 80th St #1995,San Carlos,,,,,,,http://www.smitspatriciagarity.com
Micaela,Rhymes,H Lee Leonard Attorney At Law,20932 Hedley St,Concord,,,,,,,http://www.hleeleonardattorneyatlaw.com
Tamar,Hoogland,A K Construction Co,2737 Pistorio Rd #9230,London,,,,,,,http://www.akconstructionco.com
Moon,Parlato,"Ambelang, Jessica M Md",74989 Brandon St,Wellsville,,,,,,,http://www.ambelangjessicammd.com
Laurel,Reitler,Q A Service,6 Kains Ave,Baltimore,,,,,,,http://www.qaservice.com
Delisa,Crupi,Wood & Whitacre Contractors,47565 W Grand Ave,Newark,,,,,,,http://www.woodwhitacrecontractors.com
Viva,Toelkes,Mark Iv Press Ltd,4284 Dorigo Ln,Chicago,,,,,,,http://www.markivpressltd.com
Elza,Lipke,Museum Of Science & Industry,6794 Lake Dr E,Newark,,,,,,,http://www.museumofscienceindustry.com
Devorah,Chickering,Garrison Ind,31 Douglas Blvd #950,Clovis,,,,,,,http://www.garrisonind.com
Timothy,Mulqueen,Saronix Nymph Products,44 W 4th St,Staten Island,,,,,,,http://www.saronixnymphproducts.com
Arlette,Honeywell,Smc Inc,11279 Loytan St,Jacksonville,,,,,,,http://www.smcinc.com
Dominque,Dickerson,E A I Electronic Assocs Inc,69 Marquette Ave,Hayward,,,,,,,http://www.eaielectronicassocsinc.com
Lettie,Isenhower,"Conte, Christopher A Esq",70 W Main St,Beachwood,,,,,,,http://www.contechristopheraesq.com
Myra,Munns,Anker Law Office,461 Prospect Pl #316,Euless,,,,,,,http://www.ankerlawoffice.com
Stephaine,Barfield,Beutelschies & Company,47154 Whipple Ave Nw,Gardena,,,,,,,http://www.beutelschiescompany.com
Lai,Gato,"Fligg, Kenneth I Jr",37 Alabama Ave,Evanston,,,,,,,http://www.fliggkennethijr.com
Stephen,Emigh,"Sharp, J Daniel Esq",3777 E Richmond St #900,Akron,,,,,,,http://www.sharpjdanielesq.com
Tyra,Shields,"Assink, Anne H Esq",3 Fort Worth Ave,Philadelphia,,,,,,,http://www.assinkannehesq.com
Tammara,Wardrip,Jewel My Shop Inc,4800 Black Horse Pike,Burlingame,,,,,,,http://www.jewelmyshopinc.com
Cory,Gibes,Chinese Translation Resources,83649 W Belmont Ave,San Gabriel,,,,,,,http://www.chinesetranslationresources.com
Danica,Bruschke,"Stevens, Charles T",840 15th Ave,Waco,,,,,,,http://www.stevenscharlest.com
Wilda,Giguere,"Mclaughlin, Luther W Cpa",1747 Calle Amanecer #2,Anchorage,,,,,,,http://www.mclaughlinlutherwcpa.com
Elvera,Benimadho,Tree Musketeers,99385 Charity St #840,San Jose,,,,,,,http://www.treemusketeers.com
Carma,Vanheusen,Springfield Div Oh Edison Co,68556 Central Hwy,San Leandro,,,,,,,http://www.springfielddivohedisonco.com
Malinda,Hochard,Logan Memorial Hospital,55 Riverside Ave,Indianapolis,,,,,,,http://www.loganmemorialhospital.com
Natalie,Fern,"Kelly, Charles G Esq",7140 University Ave,Rock Springs,,,,,,,http://www.kellycharlesgesq.com
Lisha,Centini,Industrial Paper Shredders Inc,64 5th Ave #1153,Mc Lean,,,,,,,http://www.industrialpapershreddersinc.com
Arlene,Klusman,Beck Horizon Builders,3 Secor Rd,New Orleans,,,,,,,http://www.beckhorizonbuilders.com
Alease,Buemi,Porto Cayo At Hawks Cay,4 Webbs Chapel Rd,Boulder,,,,,,,http://www.portocayoathawkscay.com
Louisa,Cronauer,Pacific Grove Museum Ntrl Hist,524 Louisiana Ave Nw,San Leandro,,,,,,,http://www.pacificgrovemuseumntrlhist.com
Angella,Cetta,Bender & Hatley Pc,185 Blackstone Bldge,Honolulu,,,,,,,http://www.benderhatleypc.com
Cyndy,Goldammer,Di Cristina J & Son,170 Wyoming Ave,Burnsville,,,,,,,http://www.dicristinajson.com
Rosio,Cork,Green Goddess,4 10th St W,High Point,,,,,,,http://www.greengoddess.com
Celeste,Korando,American Arts & Graphics,7 W Pinhook Rd,Lynbrook,,,,,,,http://www.americanartsgraphics.com
Twana,Felger,Opryland Hotel,1 Commerce Way,Portland,,,,,,,http://www.oprylandhotel.com
Estrella,Samu,Marking Devices Pubg Co,64 Lakeview Ave,Beloit,,,,,,,http://www.markingdevicespubgco.com
Donte,Kines,W Tc Industries Inc,3 Aspen St,Worcester,,,,,,,http://www.wtcindustriesinc.com
Tiffiny,Steffensmeier,Whitehall Robbins Labs Divsn,32860 Sierra Rd,Miami,,,,,,,http://www.whitehallrobbinslabsdivsn.com
Edna,Miceli,Sampler,555 Main St,Erie,,,,,,,http://www.sampler.com
Sue,Kownacki,Juno Chefs Incorporated,2 Se 3rd Ave,Mesquite,,,,,,,http://www.junochefsincorporated.com
Jesusa,Shin,"Carroccio, A Thomas Esq",2239 Shawnee Mission Pky,Tullahoma,,,,,,,http://www.carroccioathomasesq.com
Rolland,Francescon,"Stanley, Richard L Esq",2726 Charcot Ave,Paterson,,,,,,,http://www.stanleyrichardlesq.com
Pamella,Schmierer,K Cs Cstm Mouldings Windows,5161 Dorsett Rd,Homestead,,,,,,,http://www.kcscstmmouldingswindows.com
Glory,Kulzer,Comfort Inn,55892 Jacksonville Rd,Owings Mills,,,,,,,http://www.comfortinn.com
Shawna,Palaspas,"Windsor, James L Esq",5 N Cleveland Massillon Rd,Thousand Oaks,,,,,,,http://www.windsorjameslesq.com
Brandon,Callaro,Jackson Shields Yeiser,7 Benton Dr,Honolulu,,,,,,,http://www.jacksonshieldsyeiser.com
Scarlet,Cartan,"Box, J Calvin Esq",9390 S Howell Ave,Albany,,,,,,,http://www.boxjcalvinesq.com
Oretha,Menter,Custom Engineering Inc,8 County Center Dr #647,Boston,,,,,,,http://www.customengineeringinc.com
Ty,Smith,Bresler Eitel Framg Gllry Ltd,4646 Kaahumanu St,Hackensack,,,,,,,http://www.breslereitelframggllryltd.com
Xuan,Rochin,"Carol, Drake Sparks Esq",2 Monroe St,San Mateo,,,,,,,http://www.caroldrakesparksesq.com
Lindsey,Dilello,Biltmore Investors Bank,52777 Leaders Heights Rd,Ontario,,,,,,,http://www.biltmoreinvestorsbank.com
Devora,Perez,Desco Equipment Corp,72868 Blackington Ave,Oakland,,,,,,,http://www.descoequipmentcorp.com
Herman,Demesa,Merlin Electric Co,9 Norristown Rd,Troy,,,,,,,http://www.merlinelectricco.com
Rory,Papasergi,Bailey Cntl Co Div Babcock,83 County Road 437 #8581,Clarks Summit,,,,,,,http://www.baileycntlcodivbabcock.com
Talia,Riopelle,Ford Brothers Wholesale Inc,1 N Harlem Ave #9,Orange,,,,,,,http://www.fordbrotherswholesaleinc.com
Van,Shire,Cambridge Inn,90131 J St,Pittstown,,,,,,,http://www.cambridgeinn.com
Lucina,Lary,"Matricciani, Albert J Jr",8597 W National Ave,Cocoa,,,,,,,http://www.matriccianialbertjjr.com
Bok,Isaacs,Nelson Hawaiian Ltd,6 Gilson St,Bronx,,,,,,,http://www.nelsonhawaiianltd.com
Rolande,Spickerman,Neland Travel Agency,65 W Maple Ave,Pearl City,,,,,,,http://www.nelandtravelagency.com
Howard,Paulas,"Asendorf, J Alan Esq",866 34th Ave,Denver,,,,,,,http://www.asendorfjalanesq.com
Kimbery,Madarang,"Silberman, Arthur L Esq",798 Lund Farm Way,Rockaway,,,,,,,http://www.silbermanarthurlesq.com
Thurman,Manno,Honey Bee Breeding Genetics &,9387 Charcot Ave,Absecon,,,,,,,http://www.honeybeebreedinggenetics.com
Becky,Mirafuentes,Wells Kravitz Schnitzer,30553 Washington Rd,Plainfield,,,,,,,http://www.wellskravitzschnitzer.com
Beatriz,Corrington,Prohab Rehabilitation Servs,481 W Lemon St,Middleboro,,,,,,,http://www.prohabrehabilitationservs.com
Marti,Maybury,"Eldridge, Kristin K Esq",4 Warehouse Point Rd #7,Chicago,,,,,,,http://www.eldridgekristinkesq.com
Nieves,Gotter,"Vlahos, John J Esq",4940 Pulaski Park Dr,Portland,,,,,,,http://www.vlahosjohnjesq.com
Leatha,Hagele,Ninas Indian Grs & Videos,627 Walford Ave,Dallas,,,,,,,http://www.ninasindiangrsvideos.com
Valentin,Klimek,"Schmid, Gayanne K Esq",137 Pioneer Way,Chicago,,,,,,,http://www.schmidgayannekesq.com
Melissa,Wiklund,Moapa Valley Federal Credit Un,61 13 Stoneridge #835,Findlay,,,,,,,http://www.moapavalleyfederalcreditun.com
Sheridan,Zane,Kentucky Tennessee Clay Co,2409 Alabama Rd,Riverside,,,,,,,http://www.kentuckytennesseeclayco.com
Bulah,Padilla,Admiral Party Rentals & Sales,8927 Vandever Ave,Waco,,,,,,,http://www.admiralpartyrentalssales.com
Audra,Kohnert,"Nelson, Karolyn King Esq",134 Lewis Rd,Nashville,,,,,,,http://www.nelsonkarolynkingesq.com
Daren,Weirather,Panasystems,9 N College Ave #3,Milwaukee,,,,,,,http://www.panasystems.com
Fernanda,Jillson,"Shank, Edward L Esq",60480 Old Us Highway 51,Preston,,,,,,,http://www.shankedwardlesq.com
Gearldine,Gellinger,Megibow & Edwards,4 Bloomfield Ave,Irving,,,,,,,http://www.megibowedwards.com
Chau,Kitzman,"Benoff, Edward Esq",429 Tiger Ln,Beverly Hills,,,,,,,http://www.benoffedwardesq.com
Theola,Frey,Woodbridge Free Public Library,54169 N Main St,Massapequa,,,,,,,http://www.woodbridgefreepubliclibrary.com
Cheryl,Haroldson,New York Life John Thune,92 Main St,Atlantic City,,,,,,,http://www.newyorklifejohnthune.com
Laticia,Merced,Alinabal Inc,72 Mannix Dr,Cincinnati,,,,,,,http://www.alinabalinc.com
Carissa,Batman,"Poletto, Kim David Esq",12270 Caton Center Dr,Eugene,,,,,,,http://www.polettokimdavidesq.com
Lezlie,Craghead,"Chang, Carolyn Esq",749 W 18th St #45,Smithfield,,,,,,,http://www.changcarolynesq.com
Ozell,Shealy,Silver Bros Inc,8 Industry Ln,New York,,,,,,,http://www.silverbrosinc.com
Arminda,Parvis,Newtec Inc,1 Huntwood Ave,Phoenix,,,,,,,http://www.newtecinc.com
Reita,Leto,Creative Business Systems,55262 N French Rd,Indianapolis,,,,,,,http://www.creativebusinesssystems.com
Yolando,Luczki,Dal Tile Corporation,422 E 21st St,Syracuse,,,,,,,http://www.daltilecorporation.com
Lizette,Stem,Edward S Katz,501 N 19th Ave,Cherry Hill,,,,,,,http://www.edwardskatz.com
Gregoria,Pawlowicz,Oh My Goodknits Inc,455 N Main Ave,Garden City,,,,,,,http://www.ohmygoodknitsinc.com
Carin,Deleo,"Redeker, Debbie",1844 Southern Blvd,Little Rock,,,,,,,http://www.redekerdebbie.com
Chantell,Maynerich,Desert Sands Motel,2023 Greg St,Saint Paul,,,,,,,http://www.desertsandsmotel.com
Dierdre,Yum,Cummins Southern Plains Inc,63381 Jenks Ave,Philadelphia,,,,,,,http://www.cumminssouthernplainsinc.com
Larae,Gudroe,Lehigh Furn Divsn Lehigh,6651 Municipal Rd,Houma,,,,,,,http://www.lehighfurndivsnlehigh.com
Latrice,Tolfree,United Van Lines Agent,81 Norris Ave #525,Ronkonkoma,,,,,,,http://www.unitedvanlinesagent.com
Kerry,Theodorov,Capitol Reporters,6916 W Main St,Sacramento,,,,,,,http://www.capitolreporters.com
Dorthy,Hidvegi,Kwik Kopy Printing,9635 S Main St,Boise,,,,,,,http://www.kwikkopyprinting.com
Fannie,Lungren,Centro Inc,17 Us Highway 111,Round Rock,,,,,,,http://www.centroinc.com
Evangelina,Radde,"Campbell, Jan Esq",992 Civic Center Dr,Philadelphia,,,,,,,http://www.campbelljanesq.com
Novella,Degroot,"Evans, C Kelly Esq",303 N Radcliffe St,Hilo,,,,,,,http://www.evansckellyesq.com
Clay,Hoa,Scat Enterprises,73 Saint Ann St #86,Reno,,,,,,,http://www.scatenterprises.com
Jennifer,Fallick,"Nagle, Daniel J Esq",44 58th St,Wheeling,,,,,,,http://www.nagledanieljesq.com
Irma,Wolfgramm,Serendiquity Bed & Breakfast,9745 W Main St,Randolph,,,,,,,http://www.serendiquitybedbreakfast.com
Eun,Coody,Ray Carolyne Realty,84 Bloomfield Ave,Spartanburg,,,,,,,http://www.raycarolynerealty.com
Sylvia,Cousey,"Berg, Charles E",287 Youngstown Warren Rd,Hampstead,,,,,,,http://www.bergcharlese.com
Nana,Wrinkles,"Ray, Milbern D",6 Van Buren St,Mount Vernon,,,,,,,http://www.raymilbernd.com
Layla,Springe,Chadds Ford Winery,229 N Forty Driv,New York,,,,,,,http://www.chaddsfordwinery.com
Joesph,Degonia,A R Packaging,2887 Knowlton St #5435,Berkeley,,,,,,,http://www.arpackaging.com
Annabelle,Boord,Corn Popper,523 Marquette Ave,Concord,,,,,,,http://www.cornpopper.com
Stephaine,Vinning,Birite Foodservice Distr,3717 Hamann Industrial Pky,San Francisco,,,,,,,http://www.biritefoodservicedistr.com
Nelida,Sawchuk,Anchorage Museum Of Hist & Art,3 State Route 35 S,Paramus,,,,,,,http://www.anchoragemuseumofhistart.com
Marguerita,Hiatt,"Haber, George D Md",82 N Highway 67,Oakley,,,,,,,http://www.habergeorgedmd.com
Carmela,Cookey,Royal Pontiac Olds Inc,9 Murfreesboro Rd,Chicago,,,,,,,http://www.royalpontiacoldsinc.com
Junita,Brideau,Leonards Antiques Inc,6 S Broadway St,Cedar Grove,,,,,,,http://www.leonardsantiquesinc.com
Claribel,Varriano,Meca,6 Harry L Dr #6327,Perrysburg,,,,,,,http://www.meca.com
Benton,Skursky,Nercon Engineering & Mfg Inc,47939 Porter Ave,Gardena,,,,,,,http://www.nerconengineeringmfginc.com
Hillary,Skulski,Replica I,9 Wales Rd Ne #914,Homosassa,,,,,,,http://www.replicai.com
Merilyn,Bayless,20 20 Printing Inc,195 13n N,Santa Clara,,,,,,,http://www.printinginc.com
Teri,Ennaco,Publishers Group West,99 Tank Farm Rd,Hazleton,,,,,,,http://www.publishersgroupwest.com
Merlyn,Lawler,"Nischwitz, Jeffrey L Esq",4671 Alemany Blvd,Jersey City,,,,,,,http://www.nischwitzjeffreylesq.com
Georgene,Montezuma,Payne Blades & Wellborn Pa,98 University Dr,San Ramon,,,,,,,http://www.paynebladeswellbornpa.com
Jettie,Mconnell,Coldwell Bnkr Wright Real Est,50 E Wacker Dr,Bridgewater,,,,,,,http://www.coldwellbnkrwrightrealest.com
Lemuel,Latzke,Computer Repair Service,70 Euclid Ave #722,Bohemia,,,,,,,http://www.computerrepairservice.com
Melodie,Knipp,Fleetwood Building Block Inc,326 E Main St #6496,Thousand Oaks,,,,,,,http://www.fleetwoodbuildingblockinc.com
Candida,Corbley,Colts Neck Medical Assocs Inc,406 Main St,Somerville,,,,,,,http://www.coltsneckmedicalassocsinc.com
Karan,Karpin,New England Taxidermy,3 Elmwood Dr,Beaverton,,,,,,,http://www.newenglandtaxidermy.com
Andra,Scheyer,"Ludcke, George O Esq",9 Church St,Salem,,,,,,,http://www.ludckegeorgeoesq.com
Felicidad,Poullion,"Mccorkle, Tom S Esq",9939 N 14th St,Riverton,,,,,,,http://www.mccorkletomsesq.com
Belen,Strassner,Eagle Software Inc,5384 Southwyck Blvd,Douglasville,,,,,,,http://www.eaglesoftwareinc.com
Gracia,Melnyk,Juvenile & Adult Super,97 Airport Loop Dr,Jacksonville,,,,,,,http://www.juvenileadultsuper.com
Jolanda,Hanafan,"Perez, Joseph J Esq",37855 Nolan Rd,Bangor,,,,,,,http://www.perezjosephjesq.com
Barrett,Toyama,Case Foundation Co,4252 N Washington Ave #9,Kennedale,,,,,,,http://www.casefoundationco.com
Helga,Fredicks,Eis Environmental Engrs Inc,42754 S Ash Ave,Buffalo,,,,,,,http://www.eisenvironmentalengrsinc.com
Ashlyn,Pinilla,Art Crafters,703 Beville Rd,Opa Locka,,,,,,,http://www.artcrafters.com
Fausto,Agramonte,Marriott Hotels Resorts Suites,5 Harrison Rd,New York,,,,,,,http://www.marriotthotelsresortssuites.com
Ronny,Caiafa,Remaco Inc,73 Southern Blvd,Philadelphia,,,,,,,http://www.remacoinc.com
Marge,Limmel,"Bjork, Robert D Jr",189 Village Park Rd,Crestview,,,,,,,http://www.bjorkrobertdjr.com
Norah,Waymire,"Carmichael, Jeffery L Esq",6 Middlegate Rd #106,San Francisco,,,,,,,http://www.carmichaeljefferylesq.com
Aliza,Baltimore,"Andrews, J Robert Esq",1128 Delaware St,San Jose,,,,,,,http://www.andrewsjrobertesq.com
Mozell,Pelkowski,Winship & Byrne,577 Parade St,South San Francisco,,,,,,,http://www.winshipbyrne.com
Viola,Bitsuie,Burton & Davis,70 Mechanic St,Northridge,,,,,,,http://www.burtondavis.com
Franklyn,Emard,Olympic Graphic Arts,4379 Highway 116,Philadelphia,,,,,,,http://www.olympicgraphicarts.com
Willodean,Konopacki,Magnuson,55 Hawthorne Blvd,Lafayette,,,,,,,http://www.magnuson.com
Beckie,Silvestrini,A All American Travel Inc,7116 Western Ave,Dearborn,,,,,,,http://www.aallamericantravelinc.com
Rebecka,Gesick,Polykote Inc,2026 N Plankinton Ave #3,Austin,,,,,,,http://www.polykoteinc.com
Frederica,Blunk,Jets Cybernetics,99586 Main St,Dallas,,,,,,,http://www.jetscybernetics.com
Glen,Bartolet,Metlab Testing Services,8739 Hudson St,Vashon,,,,,,,http://www.metlabtestingservices.com
Freeman,Gochal,"Kellermann, William T Esq",383 Gunderman Rd #197,Coatesville,,,,,,,http://www.kellermannwilliamtesq.com
Vincent,Meinerding,"Arturi, Peter D Esq",4441 Point Term Mkt,Philadelphia,,,,,,,http://www.arturipeterdesq.com
Rima,Bevelacqua,Mcauley Mfg Co,2972 Lafayette Ave,Gardena,,,,,,,http://www.mcauleymfgco.com
Glendora,Sarbacher,Defur Voran Hanley Radcliff,2140 Diamond Blvd,Rohnert Park,,,,,,,http://www.defurvoranhanleyradcliff.com
Avery,Steier,Dill Dill Carr & Stonbraker Pc,93 Redmond Rd #492,Orlando,,,,,,,http://www.dilldillcarrstonbrakerpc.com
Cristy,Lother,Kleensteel,3989 Portage Tr,Escondido,,,,,,,http://www.kleensteel.com
Nicolette,Brossart,Goulds Pumps Inc Slurry Pump,1 Midway Rd,Westborough,,,,,,,http://www.gouldspumpsincslurrypump.com
Tracey,Modzelewski,Kansas City Insurance Report,77132 Coon Rapids Blvd Nw,Conroe,,,,,,,http://www.kansascityinsurancereport.com
Virgina,Tegarden,Berhanu International Foods,755 Harbor Way,Milwaukee,,,,,,,http://www.berhanuinternationalfoods.com
Tiera,Frankel,Roland Ashcroft,87 Sierra Rd,El Monte,,,,,,,http://www.rolandashcroft.com
Alaine,Bergesen,Hispanic Magazine,7667 S Hulen St #42,Yonkers,,,,,,,http://www.hispanicmagazine.com
Earleen,Mai,Little Sheet Metal Co,75684 S Withlapopka Dr #32,Dallas,,,,,,,http://www.littlesheetmetalco.com
Leonida,Gobern,"Holmes, Armstead J Esq",5 Elmwood Park Blvd,Biloxi,,,,,,,http://www.holmesarmsteadjesq.com
Ressie,Auffrey,"Faw, James C Cpa",23 Palo Alto Sq,Miami,,,,,,,http://www.fawjamesccpa.com
Justine,Mugnolo,Evans Rule Company,38062 E Main St,New York,,,,,,,http://www.evansrulecompany.com
Eladia,Saulter,Tyee Productions Inc,3958 S Dupont Hwy #7,Ramsey,,,,,,,http://www.tyeeproductionsinc.com
Chaya,Malvin,Dunnells & Duvall,560 Civic Center Dr,Ann Arbor,,,,,,,http://www.dunnellsduvall.com
Gwenn,Suffield,Deltam Systems Inc,3270 Dequindre Rd,Deer Park,,,,,,,http://www.deltamsystemsinc.com
Salena,Karpel,Hammill Mfg Co,1 Garfield Ave #7,Canton,,,,,,,http://www.hammillmfgco.com
Yoko,Fishburne,Sams Corner Store,9122 Carpenter Ave,New Haven,,,,,,,http://www.samscornerstore.com
Taryn,Moyd,"Siskin, Mark J Esq",48 Lenox St,Fairfax,,,,,,,http://www.siskinmarkjesq.com
Katina,Polidori,Cape & Associates Real Estate,5 Little River Tpke,Wilmington,,,,,,,http://www.capeassociatesrealestate.com
Rickie,Plumer,Merrill Lynch,3 N Groesbeck Hwy,Toledo,,,,,,,http://www.merrilllynch.com
Alex,Loader,"Sublett, Scott Esq",37 N Elm St #916,Tacoma,,,,,,,http://www.sublettscottesq.com
Lashon,Vizarro,Sentry Signs,433 Westminster Blvd #590,Roseville,,,,,,,http://www.sentrysigns.com
Lauran,Burnard,Professionals Unlimited,66697 Park Pl #3224,Riverton,,,,,,,http://www.professionalsunlimited.com
Ceola,Setter,Southern Steel Shelving Co,96263 Greenwood Pl,Warren,,,,,,,http://www.southernsteelshelvingco.com
My,Rantanen,"Bosco, Paul J",8 Mcarthur Ln,Richboro,,,,,,,http://www.boscopaulj.com
Lorrine,Worlds,"Longo, Nicholas J Esq",8 Fair Lawn Ave,Tampa,,,,,,,http://www.longonicholasjesq.com
Peggie,Sturiale,Henry County Middle School,9 N 14th St,El Cajon,,,,,,,http://www.henrycountymiddleschool.com
Marvel,Raymo,Edison Supply & Equipment Co,9 Vanowen St,College Station,,,,,,,http://www.edisonsupplyequipmentco.com
Daron,Dinos,"Wolf, Warren R Esq",18 Waterloo Geneva Rd,Highland Park,,,,,,,http://www.wolfwarrenresq.com
An,Fritz,Linguistic Systems Inc,506 S Hacienda Dr,Atlantic City,,,,,,,http://www.linguisticsystemsinc.com
Portia,Stimmel,Peace Christian Center,3732 Sherman Ave,Bridgewater,,,,,,,http://www.peacechristiancenter.com
Rhea,Aredondo,Double B Foods Inc,25657 Live Oak St,Brooklyn,,,,,,,http://www.doublebfoodsinc.com
Benedict,Sama,Alexander & Alexander Inc,4923 Carey Ave,Saint Louis,,,,,,,http://www.alexanderalexanderinc.com
Alyce,Arias,Fairbanks Scales,3196 S Rider Trl,Stockton,,,,,,,http://www.fairbanksscales.com
Heike,Berganza,Cali Sportswear Cutting Dept,3 Railway Ave #75,Little Falls,,,,,,,http://www.calisportswearcuttingdept.com
Carey,Dopico,"Garofani, John Esq",87393 E Highland Rd,Indianapolis,,,,,,,http://www.garofanijohnesq.com
Dottie,Hellickson,Thompson Fabricating Co,67 E Chestnut Hill Rd,Seattle,,,,,,,http://www.thompsonfabricatingco.com
Deandrea,Hughey,Century 21 Krall Real Estate,33 Lewis Rd #46,Burlington,,,,,,,http://www.centurykrallrealestate.com
Kimberlie,Duenas,Mid Contntl Rlty & Prop Mgmt,8100 Jacksonville Rd #7,Hays,,,,,,,http://www.midcontntlrltypropmgmt.com
Martina,Staback,Ace Signs Inc,7 W Wabansia Ave #227,Orlando,,,,,,,http://www.acesignsinc.com
Skye,Fillingim,Rodeway Inn,25 Minters Chapel Rd #9,Minneapolis,,,,,,,http://www.rodewayinn.com
Jade,Farrar,Bonnet & Daughter,6882 Torresdale Ave,Columbia,,,,,,,http://www.bonnetdaughter.com
Charlene,Hamilton,Oshins & Gibbons,985 E 6th Ave,Santa Rosa,,,,,,,http://www.oshinsgibbons.com
Geoffrey,Acey,Price Business Services,7 West Ave #1,Palatine,,,,,,,http://www.pricebusinessservices.com
Stevie,Westerbeck,"Wise, Dennis W Md",26659 N 13th St,Costa Mesa,,,,,,,http://www.wisedenniswmd.com
Pamella,Fortino,Super 8 Motel,669 Packerland Dr #1438,Denver,,,,,,,http://www.supermotel.com
Harrison,Haufler,John Wagner Associates,759 Eldora St,New Haven,,,,,,,http://www.johnwagnerassociates.com
Johnna,Engelberg,Thrifty Oil Co,5 S Colorado Blvd #449,Bothell,,,,,,,http://www.thriftyoilco.com
Buddy,Cloney,Larkfield Photo,944 Gaither Dr,Strongsville,,,,,,,http://www.larkfieldphoto.com
Dalene,Riden,Silverman Planetarium,66552 Malone Rd,Plaistow,,,,,,,http://www.silvermanplanetarium.com
Jerry,Zurcher,J & F Lumber,77 Massillon Rd #822,Satellite Beach,,,,,,,http://www.jflumber.com
Haydee,Denooyer,Cleaning Station Inc,25346 New Rd,New York,,,,,,,http://www.cleaningstationinc.com
Joseph,Cryer,Ames Stationers,60 Fillmore Ave,Huntington Beach,,,,,,,http://www.amesstationers.com
Deonna,Kippley,Midas Muffler Shops,57 Haven Ave #90,Southfield,,,,,,,http://www.midasmufflershops.com
Raymon,Calvaresi,Seaboard Securities Inc,6538 E Pomona St #60,Indianapolis,,,,,,,http://www.seaboardsecuritiesinc.com
Alecia,Bubash,"Petersen, James E Esq",6535 Joyce St,Wichita Falls,,,,,,,http://www.petersenjameseesq.com
Ma,Layous,Development Authority,78112 Morris Ave,North Haven,,,,,,,http://www.developmentauthority.com
Detra,Coyier,Schott Fiber Optics Inc,96950 Hidden Ln,Aberdeen,,,,,,,http://www.schottfiberopticsinc.com
Terrilyn,Rodeigues,Stuart J Agins,3718 S Main St,New Orleans,,,,,,,http://www.stuartjagins.com
Salome,Lacovara,Mitsumi Electronics Corp,9677 Commerce Dr,Richmond,,,,,,,http://www.mitsumielectronicscorp.com
Garry,Keetch,Italian Express Franchise Corp,5 Green Pond Rd #4,Southampton,,,,,,,http://www.italianexpressfranchisecorp.com
Matthew,Neither,American Council On Sci & Hlth,636 Commerce Dr #42,Shakopee,,,,,,,http://www.americancouncilonscihlth.com
Theodora,Restrepo,"Kleri, Patricia S Esq",42744 Hamann Industrial Pky #82,Miami,,,,,,,http://www.kleripatriciasesq.com
Noah,Kalafatis,Twiggs Abrams Blanchard,1950 5th Ave,Milwaukee,,,,,,,http://www.twiggsabramsblanchard.com
Carmen,Sweigard,Maui Research & Technology Pk,61304 N French Rd,Somerset,,,,,,,http://www.mauiresearchtechnologypk.com
Lavonda,Hengel,Bradley Nameplate Corp,87 Imperial Ct #79,Fargo,,,,,,,http://www.bradleynameplatecorp.com
Junita,Stoltzman,Geonex Martel Inc,94 W Dodge Rd,Carson City,,,,,,,http://www.geonexmartelinc.com
Herminia,Nicolozakes,Sea Island Div Of Fstr Ind Inc,4 58th St #3519,Scottsdale,,,,,,,http://www.seaislanddivoffstrindinc.com
Casie,Good,"Papay, Debbie J Esq",5221 Bear Valley Rd,Nashville,,,,,,,http://www.papaydebbiejesq.com
Reena,Maisto,Lane Promotions,9648 S Main,Salisbury,,,,,,,http://www.lanepromotions.com
Mirta,Mallett,Stephen Kennerly Archts Inc Pc,7 S San Marcos Rd,New York,,,,,,,http://www.stephenkennerlyarchtsincpc.com
Cathrine,Pontoriero,Business Systems Of Wis Inc,812 S Haven St,Amarillo,,,,,,,http://www.businesssystemsofwisinc.com
Filiberto,Tawil,"Flash, Elena Salerno Esq",3882 W Congress St #799,Los Angeles,,,,,,,http://www.flashelenasalernoesq.com
Raul,Upthegrove,"Neeley, Gregory W Esq",4 E Colonial Dr,La Mesa,,,,,,,http://www.neeleygregorywesq.com
Sarah,Candlish,Alabama Educational Tv Comm,45 2nd Ave #9759,Atlanta,,,,,,,http://www.alabamaeducationaltvcomm.com
Lucy,Treston,Franz Inc,57254 Brickell Ave #372,Worcester,,,,,,,http://www.franzinc.com
Judy,Aquas,Plantation Restaurant,8977 Connecticut Ave Nw #3,Niles,,,,,,,http://www.plantationrestaurant.com
Yvonne,Tjepkema,Radio Communications Co,9 Waydell St,Fairfield,,,,,,,http://www.radiocommunicationsco.com
Kayleigh,Lace,Dentalaw Divsn Hlth Care,43 Huey P Long Ave,Lafayette,,,,,,,http://www.dentalawdivsnhlthcare.com
Felix,Hirpara,American Speedy Printing Ctrs,7563 Cornwall Rd #4462,Denver,,,,,,,http://www.americanspeedyprintingctrs.com
Tresa,Sweely,"Grayson, Grant S Esq",22 Bridle Ln,Valley Park,,,,,,,http://www.graysongrantsesq.com
Kristeen,Turinetti,Jeanerette Middle School,70099 E North Ave,Arlington,,,,,,,http://www.jeanerettemiddleschool.com
Jenelle,Regusters,"Haavisto, Brian F Esq",3211 E Northeast Loop,Tampa,,,,,,,http://www.haavistobrianfesq.com
Renea,Monterrubio,Wmmt Radio Station,26 Montgomery St,Atlanta,,,,,,,http://www.wmmtradiostation.com
Olive,Matuszak,Colony Paints Sales Ofc & Plnt,13252 Lighthouse Ave,Cathedral City,,,,,,,http://www.colonypaintssalesofcplnt.com
Ligia,Reiber,Floral Expressions,206 Main St #2804,Lansing,,,,,,,http://www.floralexpressions.com
Christiane,Eschberger,Casco Services Inc,96541 W Central Blvd,Phoenix,,,,,,,http://www.cascoservicesinc.com
Goldie,Schirpke,"Reuter, Arthur C Jr",34 Saint George Ave #2,Bangor,,,,,,,http://www.reuterarthurcjr.com
Loreta,Timenez,"Kaminski, Katherine Andritsaki",47857 Coney Island Ave,Clinton,,,,,,,http://www.kaminskikatherineandritsaki.com
Fabiola,Hauenstein,Sidewinder Products Corp,8573 Lincoln Blvd,York,,,,,,,http://www.sidewinderproductscorp.com
Amie,Perigo,General Foam Corporation,596 Santa Maria Ave #7913,Mesquite,,,,,,,http://www.generalfoamcorporation.com
Raina,Brachle,Ikg Borden Divsn Harsco Corp,3829 Ventura Blvd,Butte,,,,,,,http://www.ikgbordendivsnharscocorp.com
Erinn,Canlas,Anchor Computer Inc,13 S Hacienda Dr,Livingston,,,,,,,http://www.anchorcomputerinc.com
Cherry,Lietz,Sebring & Co,40 9th Ave Sw #91,Waterford,,,,,,,http://www.sebringco.com
Kattie,Vonasek,H A C Farm Lines Co Optv Assoc,2845 Boulder Crescent St,Cleveland,,,,,,,http://www.hacfarmlinescooptvassoc.com
Lilli,Scriven,"Hunter, John J Esq",33 State St,Abilene,,,,,,,http://www.hunterjohnjesq.com
Whitley,Tomasulo,Freehold Fence Co,2 S 15th St,Fort Worth,,,,,,,http://www.freeholdfenceco.com
Barbra,Adkin,Binswanger,4 Kohler Memorial Dr,Brooklyn,,,,,,,http://www.binswanger.com
Hermila,Thyberg,Chilton Malting Co,1 Rancho Del Mar Shopping C,Providence,,,,,,,http://www.chiltonmaltingco.com
Jesusita,Flister,"Schoen, Edward J Jr",3943 N Highland Ave,Lancaster,,,,,,,http://www.schoenedwardjjr.com
Caitlin,Julia,"Helderman, Seymour Cpa",5 Williams St,Johnston,,,,,,,http://www.heldermanseymourcpa.com
Roosevelt,Hoffis,"Denbrook, Myron",60 Old Dover Rd,Hialeah,,,,,,,http://www.denbrookmyron.com
Helaine,Halter,"Lippitt, Mike",8 Sheridan Rd,Jersey City,,,,,,,http://www.lippittmike.com
Lorean,Martabano,"Hiram, Hogg P Esq",85092 Southern Blvd,San Antonio,,,,,,,http://www.hiramhoggpesq.com
France,Buzick,In Travel Agency,64 Newman Springs Rd E,Brooklyn,,,,,,,http://www.intravelagency.com
Justine,Ferrario,Newhart Foods Inc,48 Stratford Ave,Pomona,,,,,,,http://www.newhartfoodsinc.com
Adelina,Nabours,Courtyard By Marriott,80 Pittsford Victor Rd #9,Cleveland,,,,,,,http://www.courtyardbymarriott.com
Derick,Dhamer,"Studer, Eugene A Esq",87163 N Main Ave,New York,,,,,,,http://www.studereugeneaesq.com
Jerry,Dallen,Seashore Supply Co Waretown,393 Lafayette Ave,Richmond,,,,,,,http://www.seashoresupplycowaretown.com
Leota,Ragel,Mayar Silk Inc,99 5th Ave #33,Trion,,,,,,,http://www.mayarsilkinc.com
Jutta,Amyot,National Medical Excess Corp,49 N Mays St,Broussard,,,,,,,http://www.nationalmedicalexcesscorp.com
Aja,Gehrett,Stero Company,993 Washington Ave,Nutley,,,,,,,http://www.sterocompany.com
Kirk,Herritt,"Hasting, H Duane Esq",88 15th Ave Ne,Vestal,,,,,,,http://www.hastinghduaneesq.com
Leonora,Mauson,Insty Prints,3381 E 40th Ave,Passaic,,,,,,,http://www.instyprints.com
Winfred,Brucato,Glenridge Manor Mobile Home Pk,201 Ridgewood Rd,Moscow,,,,,,,http://www.glenridgemanormobilehomepk.com
Tarra,Nachor,Circuit Solution Inc,39 Moccasin Dr,San Francisco,,,,,,,http://www.circuitsolutioninc.com
Corinne,Loder,Local Office,4 Carroll St,North Attleboro,,,,,,,http://www.localoffice.com
Dulce,Labreche,Lee Kilkelly Paulson & Kabaker,9581 E Arapahoe Rd,Rochester,,,,,,,http://www.leekilkellypaulsonkabaker.com
Kate,Keneipp,"Davis, Maxon R Esq",33 N Michigan Ave,Green Bay,,,,,,,http://www.davismaxonresq.com
Kaitlyn,Ogg,"Garrison, Paul E Esq",2 S Biscayne Blvd,Baltimore,,,,,,,http://www.garrisonpauleesq.com
Sherita,Saras,Black History Resource Center,8 Us Highway 22,Colorado Springs,,,,,,,http://www.blackhistoryresourcecenter.com
Lashawnda,Stuer,"Rodriguez, J Christopher Esq",7422 Martin Ave #8,Toledo,,,,,,,http://www.rodriguezjchristopheresq.com
Ernest,Syrop,Grant Family Health Center,94 Chase Rd,Hyattsville,,,,,,,http://www.grantfamilyhealthcenter.com
Nobuko,Halsey,Goeman Wood Products Inc,8139 I Hwy 10 #92,New Bedford,,,,,,,http://www.goemanwoodproductsinc.com
Lavonna,Wolny,"Linhares, Kenneth A Esq",5 Cabot Rd,Mc Lean,,,,,,,http://www.linhareskennethaesq.com
Lashaunda,Lizama,Earnhardt Printing,3387 Ryan Dr,Hanover,,,,,,,http://www.earnhardtprinting.com
Mariann,Bilden,H P G Industrys Inc,3125 Packer Ave #9851,Austin,,,,,,,http://www.hpgindustrysinc.com
Helene,Rodenberger,Bailey Transportation Prod Inc,347 Chestnut St,Peoria,,,,,,,http://www.baileytransportationprodinc.com
Roselle,Estell,Mcglynn Bliss Pc,8116 Mount Vernon Ave,Bucyrus,,,,,,,http://www.mcglynnblisspc.com
Samira,Heintzman,Mutual Fish Co,8772 Old County Rd #5410,Kent,,,,,,,http://www.mutualfishco.com
Margart,Meisel,"Yeates, Arthur L Aia",868 State St #38,Cincinnati,,,,,,,http://www.yeatesarthurlaia.com
Kristofer,Bennick,"Logan, Ronald J Esq",772 W River Dr,Bloomington,,,,,,,http://www.loganronaldjesq.com
Weldon,Acuff,Advantage Martgage Company,73 W Barstow Ave,Arlington Heights,,,,,,,http://www.advantagemartgagecompany.com
Shalon,Shadrick,Germer And Gertz Llp,61047 Mayfield Ave,Brooklyn,,,,,,,http://www.germerandgertzllp.com
Denise,Patak,Spence Law Offices,2139 Santa Rosa Ave,Orlando,,,,,,,http://www.spencelawoffices.com
Louvenia,Beech,John Ortiz Nts Therapy Center,598 43rd St,Beverly Hills,,,,,,,http://www.johnortizntstherapycenter.com
Audry,Yaw,Mike Uchrin Htg & Air Cond Inc,70295 Pioneer Ct,Brandon,,,,,,,http://www.mikeuchrinhtgaircondinc.com
Kristel,Ehmann,"Mccoy, Joy Reynolds Esq",92899 Kalakaua Ave,El Paso,,,,,,,http://www.mccoyjoyreynoldsesq.com
Vincenza,Zepp,Kbor 1600 Am,395 S 6th St #2,El Cajon,,,,,,,http://www.kboram.com
Elouise,Gwalthney,Quality Inn Northwest,9506 Edgemore Ave,Bladensburg,,,,,,,http://www.qualityinnnorthwest.com
Venita,Maillard,Wallace Church Assoc Inc,72119 S Walker Ave #63,Anaheim,,,,,,,http://www.wallacechurchassocinc.com
Kasandra,Semidey,Can Tron,369 Latham St #500,Saint Louis,,,,,,,http://www.cantron.com
Xochitl,Discipio,Ravaal Enterprises Inc,3158 Runamuck Pl,Round Rock,,,,,,,http://www.ravaalenterprisesinc.com
Maile,Linahan,Thompson Steel Company Inc,9 Plainsboro Rd #598,Greensboro,,,,,,,http://www.thompsonsteelcompanyinc.com
Krissy,Rauser,"Anderson, Mark A Esq",8728 S Broad St,Coram,,,,,,,http://www.andersonmarkaesq.com
Pete,Dubaldi,Womack & Galich,2215 Prosperity Dr,Lyndhurst,,,,,,,http://www.womackgalich.com
Linn,Paa,Valerie & Company,1 S Pine St,Memphis,,,,,,,http://www.valeriecompany.com
Paris,Wide,Gehring Pumps Inc,187 Market St,Atlanta,,,,,,,http://www.gehringpumpsinc.com
Wynell,Dorshorst,"Haehnel, Craig W Esq",94290 S Buchanan St,Pacifica,,,,,,,http://www.haehnelcraigwesq.com
Quentin,Birkner,Spoor Behrins Campbell & Young,7061 N 2nd St,Burnsville,,,,,,,http://www.spoorbehrinscampbellyoung.com
Regenia,Kannady,Ken Jeter Store Equipment Inc,10759 Main St,Scottsdale,,,,,,,http://www.kenjeterstoreequipmentinc.com
Sheron,Louissant,"Potter, Brenda J Cpa",97 E 3rd St #9,Long Island City,,,,,,,http://www.potterbrendajcpa.com
Izetta,Funnell,Baird Kurtz & Dobson,82 Winsor St #54,Atlanta,,,,,,,http://www.bairdkurtzdobson.com
Rodolfo,Butzen,"Minor, Cynthia A Esq",41 Steel Ct,Northfield,,,,,,,http://www.minorcynthiaaesq.com
Zona,Colla,"Solove, Robert A Esq",49440 Dearborn St,Norwalk,,,,,,,http://www.soloverobertaesq.com
Serina,Zagen,Mark Ii Imports Inc,7 S Beverly Dr,Fort Wayne,,,,,,,http://www.markiiimportsinc.com
Paz,Sahagun,White Sign Div Ctrl Equip Co,919 Wall Blvd,Meridian,,,,,,,http://www.whitesigndivctrlequipco.com
Markus,Lukasik,M & M Store Fixtures Co Inc,89 20th St E #779,Sterling Heights,,,,,,,http://www.mmstorefixturescoinc.com
Jaclyn,Bachman,Judah Caster & Wheel Co,721 Interstate 45 S,Colorado Springs,,,,,,,http://www.judahcasterwheelco.com
Cyril,Daufeldt,Galaxy International Inc,3 Lawton St,New York,,,,,,,http://www.galaxyinternationalinc.com
Gayla,Schnitzler,Sigma Corp Of America,38 Pleasant Hill Rd,Hayward,,,,,,,http://www.sigmacorpofamerica.com
Erick,Nievas,"Soward, Anne Esq",45 E Acacia Ct,Chicago,,,,,,,http://www.sowardanneesq.com
Jennie,Drymon,"Osborne, Michelle M Esq",63728 Poway Rd #1,Scranton,,,,,,,http://www.osbornemichellemesq.com
Mitsue,Scipione,Students In Free Entrprs Natl,77 222 Dr,Oroville,,,,,,,http://www.studentsinfreeentrprsnatl.com
Ciara,Ventura,"Johnson, Robert M Esq",53 W Carey St,Port Jervis,,,,,,,http://www.johnsonrobertmesq.com
Galen,Cantres,Del Charro Apartments,617 Nw 36th Ave,Brook Park,,,,,,,http://www.delcharroapartments.com
Truman,Feichtner,Legal Search Inc,539 Coldwater Canyon Ave,Bloomfield,,,,,,,http://www.legalsearchinc.com
Gail,Kitty,Service Supply Co Inc,735 Crawford Dr,Anchorage,,,,,,,http://www.servicesupplycoinc.com
Dalene,Schoeneck,"Sameshima, Douglas J Esq",910 Rahway Ave,Philadelphia,,,,,,,http://www.sameshimadouglasjesq.com
Gertude,Witten,"Thompson, John Randolph Jr",7 Tarrytown Rd,Cincinnati,,,,,,,http://www.thompsonjohnrandolphjr.com
Lizbeth,Kohl,E T Balancing Co Inc,35433 Blake St #588,Gardena,,,,,,,http://www.etbalancingcoinc.com
Glenn,Berray,"Griswold, John E Esq",29 Cherry St #7073,Des Moines,,,,,,,http://www.griswoldjohneesq.com
Lashandra,Klang,Acqua Group,810 N La Brea Ave,King of Prussia,,,,,,,http://www.acquagroup.com
Lenna,Newville,"Brooks, Morris J Jr",987 Main St,Raleigh,,,,,,,http://www.brooksmorrisjjr.com
Laurel,Pagliuca,Printing Images Corp,36 Enterprise St Se,Richland,,,,,,,http://www.printingimagescorp.com
Mireya,Frerking,Roberts Supply Co Inc,8429 Miller Rd,Pelham,,,,,,,http://www.robertssupplycoinc.com
Annelle,Tagala,Vico Products Mfg Co,5 W 7th St,Parkville,,,,,,,http://www.vicoproductsmfgco.com
Dean,Ketelsen,J M Custom Design Millwork,2 Flynn Rd,Hicksville,,,,,,,http://www.jmcustomdesignmillwork.com
Levi,Munis,Farrell & Johnson Office Equip,2094 Ne 36th Ave,Worcester,,,,,,,http://www.farrelljohnsonofficeequip.com
Sylvie,Ryser,Millers Market & Deli,649 Tulane Ave,Tulsa,,,,,,,http://www.millersmarketdeli.com
Sharee,Maile,Holiday Inn Naperville,2094 Montour Blvd,Muskegon,,,,,,,http://www.holidayinnnaperville.com
Cordelia,Storment,"Burrows, Jon H Esq",393 Hammond Dr,Lafayette,,,,,,,http://www.burrowsjonhesq.com
Mollie,Mcdoniel,Dock Seal Specialty,8590 Lake Lizzie Dr,Bowling Green,,,,,,,http://www.docksealspecialty.com
Brett,Mccullan,Five Star Limousines Of Tx Inc,87895 Concord Rd,La Mesa,,,,,,,http://www.fivestarlimousinesoftxinc.com
Teddy,Pedrozo,"Barkan, Neal J Esq",46314 Route 130,Bridgeport,,,,,,,http://www.barkannealjesq.com
Tasia,Andreason,"Campbell, Robert A",4 Cowesett Ave,Kearny,,,,,,,http://www.campbellroberta.com
Hubert,Walthall,"Dee, Deanna",95 Main Ave #2,Barberton,,,,,,,http://www.deedeanna.com
Arthur,Farrow,"Young, Timothy L Esq",28 S 7th St #2824,Englewood,,,,,,,http://www.youngtimothylesq.com
Vilma,Berlanga,"Wells, D Fred Esq",79 S Howell Ave,Grand Rapids,,,,,,,http://www.wellsdfredesq.com
Billye,Miro,"Gray, Francine H Esq",36 Lancaster Dr Se,Pearl,,,,,,,http://www.grayfrancinehesq.com
Glenna,Slayton,Toledo Iv Care,2759 Livingston Ave,Memphis,,,,,,,http://www.toledoivcare.com
Mitzie,Hudnall,Cangro Transmission Co,17 Jersey Ave,Englewood,,,,,,,http://www.cangrotransmissionco.com
Bernardine,Rodefer,Sat Poly Inc,2 W Grand Ave,Memphis,,,,,,,http://www.satpolyinc.com
Staci,Schmaltz,Midwest Contracting & Mfg Inc,18 Coronado Ave #563,Pasadena,,,,,,,http://www.midwestcontractingmfginc.com
Nichelle,Meteer,Print Doctor,72 Beechwood Ter,Chicago,,,,,,,http://www.printdoctor.com
Janine,Rhoden,Nordic Group Inc,92 Broadway,Astoria,,,,,,,http://www.nordicgroupinc.com
Ettie,Hoopengardner,Jackson Millwork Co,39 Franklin Ave,Richland,,,,,,,http://www.jacksonmillworkco.com
Eden,Jayson,Harris Corporation,4 Iwaena St,Baltimore,,,,,,,http://www.harriscorporation.com
Lynelle,Auber,United Cerebral Palsy Of Ne Pa,32820 Corkwood Rd,Newark,,,,,,,http://www.unitedcerebralpalsyofnepa.com
Merissa,Tomblin,One Day Surgery Center Inc,34 Raritan Center Pky,Bellflower,,,,,,,http://www.onedaysurgerycenterinc.com
Golda,Kaniecki,Calaveras Prospect,6201 S Nevada Ave,Toms River,,,,,,,http://www.calaverasprospect.com
Catarina,Gleich,"Terk, Robert E Esq",78 Maryland Dr #146,Denville,,,,,,,http://www.terkroberteesq.com
Virgie,Kiel,"Cullen, Terrence P Esq",76598 Rd  I 95 #1,Denver,,,,,,,http://www.cullenterrencepesq.com
Jolene,Ostolaza,Central Die Casting Mfg Co Inc,1610 14th St Nw,Newport News,,,,,,,http://www.centraldiecastingmfgcoinc.com
Keneth,Borgman,Centerline Engineering,86350 Roszel Rd,Phoenix,,,,,,,http://www.centerlineengineering.com
Rikki,Nayar,Targan & Kievit Pa,1644 Clove Rd,Miami,,,,,,,http://www.targankievitpa.com
Elke,Sengbusch,Riley Riper Hollin & Colagreco,9 W Central Ave,Phoenix,,,,,,,http://www.rileyriperhollincolagreco.com
Hoa,Sarao,"Kaplan, Joel S Esq",27846 Lafayette Ave,Oak Hill,,,,,,,http://www.kaplanjoelsesq.com
Trinidad,Mcrae,Water Office,10276 Brooks St,San Francisco,,,,,,,http://www.wateroffice.com
Mari,Lueckenbach,"Westbrooks, Nelson E Jr",1 Century Park E,San Diego,,,,,,,http://www.westbrooksnelsonejr.com
Selma,Husser,Armon Communications,9 State Highway 57 #22,Jersey City,,,,,,,http://www.armoncommunications.com
Antione,Onofrio,Jacobs & Gerber Inc,4 S Washington Ave,San Bernardino,,,,,,,http://www.jacobsgerberinc.com
Luisa,Jurney,Forest Fire Laboratory,25 Se 176th Pl,Cambridge,,,,,,,http://www.forestfirelaboratory.com
Clorinda,Heimann,"Haughey, Charles Jr",105 Richmond Valley Rd,Escondido,,,,,,,http://www.haugheycharlesjr.com
Dick,Wenzinger,Wheaton Plastic Products,22 Spruce St #595,Gardena,,,,,,,http://www.wheatonplasticproducts.com
Ahmed,Angalich,Reese Plastics,2 W Beverly Blvd,Harrisburg,,,,,,,http://www.reeseplastics.com
Iluminada,Ohms,Nazette Marner Good Wendt,72 Southern Blvd,Mesa,,,,,,,http://www.nazettemarnergoodwendt.com
Joanna,Leinenbach,Levinson Axelrod Wheaton,1 Washington St,Lake Worth,,,,,,,http://www.levinsonaxelrodwheaton.com
Caprice,Suell,"Egnor, W Dan Esq",90177 N 55th Ave,Nashville,,,,,,,http://www.egnorwdanesq.com
Stephane,Myricks,Portland Central Thriftlodge,9 Tower Ave,Burlington,,,,,,,http://www.portlandcentralthriftlodge.com
Quentin,Swayze,Ulbrich Trucking,278 Bayview Ave,Milan,,,,,,,http://www.ulbrichtrucking.com
Annmarie,Castros,Tipiak Inc,80312 W 32nd St,Conroe,,,,,,,http://www.tipiakinc.com
Shonda,Greenbush,Saint George Well Drilling,82 Us Highway 46,Clifton,,,,,,,http://www.saintgeorgewelldrilling.com
Cecil,Lapage,"Hawkes, Douglas D",4 Stovall St #72,Union City,,,,,,,http://www.hawkesdouglasd.com
Jeanice,Claucherty,Accurel Systems Intrntl Corp,19 Amboy Ave,Miami,,,,,,,http://www.accurelsystemsintrntlcorp.com
Josphine,Villanueva,Santa Cruz Community Internet,63 Smith Ln #8343,Moss,,,,,,,http://www.santacruzcommunityinternet.com
Daniel,Perruzza,Gersh & Danielson,11360 S Halsted St,Santa Ana,,,,,,,http://www.gershdanielson.com
Cassi,Wildfong,"Cobb, James O Esq",26849 Jefferson Hwy,Rolling Meadows,,,,,,,http://www.cobbjamesoesq.com
Britt,Galam,Wheatley Trucking Company,2500 Pringle Rd Se #508,Hatfield,,,,,,,http://www.wheatleytruckingcompany.com
Adell,Lipkin,Systems Graph Inc Ab Dick Dlr,65 Mountain View Dr,Whippany,,,,,,,http://www.systemsgraphincabdickdlr.com
Jacqueline,Rowling,John Hancock Mutl Life Ins Co,1 N San Saba,Erie,,,,,,,http://www.johnhancockmutllifeinsco.com
Lonny,Weglarz,History Division Of State,51120 State Route 18,Salt Lake City,,,,,,,http://www.historydivisionofstate.com
Lonna,Diestel,"Dimmock, Thomas J Esq",1482 College Ave,Fayetteville,,,,,,,http://www.dimmockthomasjesq.com
Cristal,Samara,Intermed Inc,4119 Metropolitan Dr,Los Angeles,,,,,,,http://www.intermedinc.com
Kenneth,Grenet,Bank Of New York,2167 Sierra Rd,East Lansing,,,,,,,http://www.bankofnewyork.com
Elli,Mclaird,Sportmaster Intrnatl,6 Sunrise Ave,Utica,,,,,,,http://www.sportmasterintrnatl.com
Alline,Jeanty,W W John Holden Inc,55713 Lake City Hwy,South Bend,,,,,,,http://www.wwjohnholdeninc.com
Sharika,Eanes,Maccani & Delp,75698 N Fiesta Blvd,Orlando,,,,,,,http://www.maccanidelp.com
Nu,Mcnease,Amazonia Film Project,88 Sw 28th Ter,Harrison,,,,,,,http://www.amazoniafilmproject.com
Daniela,Comnick,Water & Sewer Department,7 Flowers Rd #403,Trenton,,,,,,,http://www.watersewerdepartment.com
Cecilia,Colaizzo,Switchcraft Inc,4 Nw 12th St #3849,Madison,,,,,,,http://www.switchcraftinc.com
Leslie,Threets,C W D C Metal Fabricators,2 A Kelley Dr,Katonah,,,,,,,http://www.cwdcmetalfabricators.com
Nan,Koppinger,"Shimotani, Grace T",88827 Frankford Ave,Greensboro,,,,,,,http://www.shimotanigracet.com
Izetta,Dewar,"Lisatoni, Jean Esq",2 W Scyene Rd #3,Baltimore,,,,,,,http://www.lisatonijeanesq.com
Tegan,Arceo,Ceramic Tile Sales Inc,62260 Park Stre,Monroe Township,,,,,,,http://www.ceramictilesalesinc.com
Ruthann,Keener,Maiden Craft Inc,3424 29th St Se,Kerrville,,,,,,,http://www.maidencraftinc.com
Joni,Breland,Carriage House Cllsn Rpr Inc,35 E Main St #43,Elk Grove Village,,,,,,,http://www.carriagehousecllsnrprinc.com
Vi,Rentfro,Video Workshop,7163 W Clark Rd,Freehold,,,,,,,http://www.videoworkshop.com
Colette,Kardas,Fresno Tile Center Inc,21575 S Apple Creek Rd,Omaha,,,,,,,http://www.fresnotilecenterinc.com
Malcolm,Tromblay,Versatile Sash & Woodwork,747 Leonis Blvd,Annandale,,,,,,,http://www.versatilesashwoodwork.com
Ryan,Harnos,Warner Electric Brk & Cltch Co,13 Gunnison St,Plano,,,,,,,http://www.warnerelectricbrkcltchco.com
Jess,Chaffins,New York Public Library,18 3rd Ave,New York,,,,,,,http://www.newyorkpubliclibrary.com
Sharen,Bourbon,"Mccaleb, John A Esq",62 W Austin St,Syosset,,,,,,,http://www.mccalebjohnaesq.com
Nickolas,Juvera,United Oil Co Inc,177 S Rider Trl #52,Crystal River,,,,,,,http://www.unitedoilcoinc.com
Gary,Nunlee,Irving Foot Center,2 W Mount Royal Ave,Fortville,,,,,,,http://www.irvingfootcenter.com
Diane,Devreese,Acme Supply Co,1953 Telegraph Rd,Saint Joseph,,,,,,,http://www.acmesupplyco.com
Roslyn,Chavous,"Mcrae, James L",63517 Dupont St,Jackson,,,,,,,http://www.mcraejamesl.com
Glory,Schieler,Mcgraths Seafood,5 E Truman Rd,Abilene,,,,,,,http://www.mcgrathsseafood.com
Rasheeda,Sayaphon,"Kummerer, J Michael Esq",251 Park Ave #979,Saratoga,,,,,,,http://www.kummererjmichaelesq.com
Alpha,Palaia,"Stoffer, James M Jr",43496 Commercial Dr #29,Cherry Hill,,,,,,,http://www.stofferjamesmjr.com
Refugia,Jacobos,North Central Fl Sfty Cncl,2184 Worth St,Hayward,,,,,,,http://www.northcentralflsftycncl.com
Shawnda,Yori,Fiorucci Foods Usa Inc,50126 N Plankinton Ave,Longwood,,,,,,,http://www.fioruccifoodsusainc.com
Mona,Delasancha,Sign All,38773 Gravois Ave,Cheyenne,,,,,,,http://www.signall.com
Gilma,Liukko,Sammys Steak Den,16452 Greenwich St,Garden City,,,,,,,http://www.sammyssteakden.com
Janey,Gabisi,"Dobscha, Stephen F Esq",40 Cambridge Ave,Madison,,,,,,,http://www.dobschastephenfesq.com
Lili,Paskin,Morgan Custom Homes,20113 4th Ave E,Kearny,,,,,,,http://www.morgancustomhomes.com
Loren,Asar,Olsen Payne & Company,6 Ridgewood Center Dr,Old Forge,,,,,,,http://www.olsenpaynecompany.com
Dorothy,Chesterfield,Cowan & Kelly,469 Outwater Ln,San Diego,,,,,,,http://www.cowankelly.com
Gail,Similton,"Johnson, Wes Esq",62 Monroe St,Thousand Palms,,,,,,,http://www.johnsonwesesq.com
Catalina,Tillotson,Icn Pharmaceuticals Inc,3338 A Lockport Pl #6,Margate City,,,,,,,http://www.icnpharmaceuticalsinc.com
Lawrence,Lorens,New England Sec Equip Co Inc,9 Hwy,Providence,,,,,,,http://www.newenglandsecequipcoinc.com
Carlee,Boulter,"Tippett, Troy M Ii",8284 Hart St,Abilene,,,,,,,http://www.tippetttroymii.com
Thaddeus,Ankeny,Atc Contracting,5 Washington St #1,Roseville,,,,,,,http://www.atccontracting.com
Jovita,Oles,"Pagano, Philip G Esq",8 S Haven St,Daytona Beach,,,,,,,http://www.paganophilipgesq.com
Alesia,Hixenbaugh,Kwikprint,9 Front St,Washington,,,,,,,http://www.kwikprint.com
Lai,Harabedian,Buergi & Madden Scale,1933 Packer Ave #2,Novato,,,,,,,http://www.buergimaddenscale.com
Brittni,Gillaspie,Inner Label,67 Rv Cent,Boise,,,,,,,http://www.innerlabel.com
Raylene,Kampa,Hermar Inc,2 Sw Nyberg Rd,Elkhart,,,,,,,http://www.hermarinc.com
Flo,Bookamer,Simonton Howe & Schneider Pc,89992 E 15th St,Alliance,,,,,,,http://www.simontonhoweschneiderpc.com
Jani,Biddy,Warehouse Office & Paper Prod,61556 W 20th Ave,Seattle,,,,,,,http://www.warehouseofficepaperprod.com
Chauncey,Motley,Affiliated With Travelodge,63 E Aurora Dr,Orlando,,,,,,,http://www.affiliatedwithtravelodge.com
